[
  {
    "id": "35cfa4c5-655b-4a4e-80a8-4cc0e1a3c164",
    "data": [
      {
        "text": "Dessert and drinks",
        "userDefined": false
      }
    ],
    "isTemplate": false,
    "count": 0,
    "lang": "en",
    "updated": 0
  },
  {
    "id": "efd4292b-9b93-46b2-8f29-70c0cf554d39",
    "data": [
      {
        "text": "Dessert",
        "userDefined": false
      }
    ],
    "isTemplate": false,
    "count": 0,
    "lang": "en",
    "updated": 0
  },
  {
    "id": "93676270-4fc2-4fb9-b71e-2fb42c687984",
    "data": [
      {
        "text": "Drink",
        "userDefined": false
      }
    ],
    "isTemplate": false,
    "count": 0,
    "lang": "en",
    "updated": 0
  }
]