[
  {
    "id": "6dab16e8-b337-4c9e-8d68-5e8a3fb24152",
    "data": [
      {
        "text": "chocolate chip cookies",
        "userDefined": false
      }
    ],
    "isTemplate": false,
    "count": 0,
    "lang": "en",
    "updated": 0
  },
  {
    "id": "0d19a070-d085-4f0c-8f7c-4877d8a760cf",
    "data": [
      {
        "text": "fruit",
        "userDefined": false
      }
    ],
    "isTemplate": false,
    "count": 0,
    "lang": "en",
    "updated": 0
  },
  {
    "id": "d81cb2f5-efd7-41ba-bb04-80910ddc2bb6",
    "data": [
      {
        "text": "cake",
        "userDefined": false
      }
    ],
    "isTemplate": false,
    "count": 0,
    "lang": "en",
    "updated": 0
  },
  {
    "id": "3caa8d0e-11c4-4010-a3e6-092263eb8718",
    "data": [
      {
        "text": "oreos",
        "userDefined": false
      }
    ],
    "isTemplate": false,
    "count": 0,
    "lang": "en",
    "updated": 0
  },
  {
    "id": "f91c5f26-f5a6-408a-9abb-4791c0ea946c",
    "data": [
      {
        "text": "ice cream",
        "userDefined": false
      }
    ],
    "isTemplate": false,
    "count": 0,
    "lang": "en",
    "updated": 0
  }
]